accession,gsm_id,immune_state,PC1_immune_decoupling_gradient,PC2,PC3
GSE154918,GSM4683537,Decoupled inflammatory / MHC-II-low,3.4546097160772073,0.0814567069977613,-0.5507728421387281
GSE154918,GSM4683541,Decoupled inflammatory / MHC-II-low,3.786285782335059,0.143829860840742,-0.5835223324330928
GSE154918,GSM4683544,Decoupled inflammatory / MHC-II-low,1.3005962845594266,0.6949217052827426,-0.4817618383728785
GSE154918,GSM4683545,Decoupled inflammatory / MHC-II-low,1.7163440398551848,-0.8024019190176211,-0.1883710295200916
GSE154918,GSM4683547,Decoupled inflammatory / MHC-II-low,0.2782853660333791,0.6952752851700794,0.2432268226959137
GSE154918,GSM4683549,Decoupled inflammatory / MHC-II-low,3.6831504667039185,-0.08905259018357,0.3724873468986281
GSE154918,GSM4683553,Decoupled inflammatory / MHC-II-low,2.5276110253248647,-0.4256018840421999,-0.7950970667787672
GSE154918,GSM4683555,Decoupled inflammatory / MHC-II-low,4.746223154820141,-0.4551069486700759,0.0625685893696606
GSE154918,GSM4683558,Decoupled inflammatory / MHC-II-low,0.5060903675821945,0.2006346710948669,-1.034323139875284
GSE154918,GSM4683560,Decoupled inflammatory / MHC-II-low,3.331872021657938,-0.944286447906132,-0.2003657807926881
GSE154918,GSM4683564,Decoupled inflammatory / MHC-II-low,0.8879838571135243,0.1577586287489071,0.0644878205060502
GSE154918,GSM4683565,Decoupled inflammatory / MHC-II-low,0.2778634032091788,0.3689886029863814,-0.9790565042749272
GSE154918,GSM4683580,Decoupled inflammatory / MHC-II-low,1.098572594791821,-0.0502886266904617,-0.5076874605430065
GSE154918,GSM4683581,Decoupled inflammatory / MHC-II-low,1.165977604505665,-0.2626107414902782,-1.1785582980104636
GSE154918,GSM4683588,Decoupled inflammatory / MHC-II-low,0.9977848997178944,2.163006637478907,1.5937978237859112
GSE154918,GSM4683591,Decoupled inflammatory / MHC-II-low,4.265275762047395,-0.3152054602786456,0.2138852698849656
GSE154918,GSM4683598,Decoupled inflammatory / MHC-II-low,2.475973656102097,-1.190821090403163,-0.6881232601848365
GSE154918,GSM4683613,Decoupled inflammatory / MHC-II-low,2.3331800313165827,1.9628155961790403,0.692558780420625
GSE134347,GSM3942707,Decoupled inflammatory / MHC-II-low,1.486916155407357,-0.0614455500315332,-0.194659364718617
GSE134347,GSM3942710,Decoupled inflammatory / MHC-II-low,1.4494064986828803,0.4117820107933294,-0.0802625884282275
GSE134347,GSM3942711,Decoupled inflammatory / MHC-II-low,0.2677313872889263,0.5216677139065107,-0.3408077474267946
GSE134347,GSM3942714,Decoupled inflammatory / MHC-II-low,3.065141791672733,-1.104974899441593,-0.3043352697719448
GSE134347,GSM3942715,Decoupled inflammatory / MHC-II-low,2.521662063213985,0.420619419357798,-0.2940278482495084
GSE134347,GSM3942717,Decoupled inflammatory / MHC-II-low,0.7122726833726344,0.9242566406522408,-0.6127310124963314
GSE134347,GSM3942718,Decoupled inflammatory / MHC-II-low,0.9405992537322486,-0.2763349166064152,-0.3189787452269551
GSE134347,GSM3942719,Decoupled inflammatory / MHC-II-low,2.8191973872953806,0.4391415331234471,-1.221335253749555
GSE134347,GSM3942720,Decoupled inflammatory / MHC-II-low,0.0412947760199697,0.3865370952633037,-0.7235987210798103
GSE134347,GSM3942721,Decoupled inflammatory / MHC-II-low,2.779184079735649,1.372236969045424,-0.3267216893898763
GSE134347,GSM3942722,Decoupled inflammatory / MHC-II-low,0.987093106544638,-0.5649497895286998,-0.2347774973468919
GSE134347,GSM3942724,Decoupled inflammatory / MHC-II-low,1.996497393055391,-0.5184725357243039,0.1181952310639051
GSE134347,GSM3942725,Decoupled inflammatory / MHC-II-low,0.1962108462870867,1.763421818209676,-0.7677951493576624
GSE134347,GSM3942727,Decoupled inflammatory / MHC-II-low,2.6395570796846113,0.9486774476934524,-0.5327062497140367
GSE134347,GSM3942729,Decoupled inflammatory / MHC-II-low,2.5591362100607613,-0.1843670688339853,-0.2898412234480642
GSE134347,GSM3942730,Decoupled inflammatory / MHC-II-low,0.4105026359549489,0.9506748160580456,-0.9438450932839384
GSE134347,GSM3942747,Decoupled inflammatory / MHC-II-low,4.0725275275199415,0.481105526319199,0.2163706779673664
GSE134347,GSM3942750,Decoupled inflammatory / MHC-II-low,1.20767948623936,0.7512002365794825,-1.072511507293422
GSE134347,GSM3942752,Decoupled inflammatory / MHC-II-low,1.1177840021182954,-1.0113987295131228,-0.0716048214764915
GSE134347,GSM3942759,Decoupled inflammatory / MHC-II-low,0.4642265358530595,2.062258227326237,-1.0955146497013886
GSE134347,GSM3942761,Decoupled inflammatory / MHC-II-low,1.636340126714821,-0.1936000590600975,0.6106181086994038
GSE134347,GSM3942762,Decoupled inflammatory / MHC-II-low,3.026470208001362,0.4665328663628295,0.3866340021453914
GSE134347,GSM3942766,Decoupled inflammatory / MHC-II-low,2.1784168477174277,2.037374718380585,0.1029075814252817
GSE134347,GSM3942767,Decoupled inflammatory / MHC-II-low,2.104705335461381,-0.3726458208408433,-0.0358074411344161
GSE134347,GSM3942768,Decoupled inflammatory / MHC-II-low,0.4338821441777567,0.6964091713620059,-1.1226845905866347
GSE134347,GSM3942785,Decoupled inflammatory / MHC-II-low,2.153280106197446,0.0873259093079167,-0.3963296796030396
GSE134347,GSM3942786,Decoupled inflammatory / MHC-II-low,1.9049117101785904,0.2610313036624411,-0.9678459736227716
GSE134347,GSM3942790,Decoupled inflammatory / MHC-II-low,1.4329063517716676,2.0999236080394588,-0.0038746955656049
GSE134347,GSM3942793,Decoupled inflammatory / MHC-II-low,1.3327546385564886,0.987016184146888,-0.9234931593535048
GSE134347,GSM3942808,Decoupled inflammatory / MHC-II-low,1.7625699899264744,-0.8877794600294023,-0.6458609638514352
GSE134347,GSM3942810,Decoupled inflammatory / MHC-II-low,3.257918726921603,0.5917895366696093,-0.3158967542431252
GSE134347,GSM3942826,Decoupled inflammatory / MHC-II-low,2.1781678797196133,0.5032661755135996,-0.0226066247152523
GSE134347,GSM3942828,Decoupled inflammatory / MHC-II-low,0.1532811827571729,0.7877196933281719,0.003930382201608
GSE134347,GSM3942831,Decoupled inflammatory / MHC-II-low,1.3104435238662822,-0.8311190131018424,-0.4359936899398419
GSE134347,GSM3942832,Decoupled inflammatory / MHC-II-low,2.1358137126836194,0.0864637420565465,0.1392170934398728
GSE134347,GSM3942839,Decoupled inflammatory / MHC-II-low,2.5358056126088693,0.0334551553722805,1.4770974883608767
GSE134347,GSM3942843,Decoupled inflammatory / MHC-II-low,1.699549238950585,0.3732444297508823,0.1772266792856697
GSE134347,GSM3942848,Decoupled inflammatory / MHC-II-low,2.173469009308206,0.035196965037832,0.2114616260382154
GSE134347,GSM3942849,Decoupled inflammatory / MHC-II-low,0.8527272690340205,-0.6917356885489874,0.0504461118034082
GSE134347,GSM3942856,Decoupled inflammatory / MHC-II-low,1.5663408220346495,-0.3320830904756506,-0.2873363259071055
GSE134347,GSM3942863,Decoupled inflammatory / MHC-II-low,1.5791835619827643,0.1324686812579462,0.2766902393162663
GSE134347,GSM3942864,Decoupled inflammatory / MHC-II-low,3.911914059355591,-0.1079019040238732,1.415012733378371
GSE134347,GSM3942867,Decoupled inflammatory / MHC-II-low,1.4633707593872056,-1.0123726366702102,-0.0469375506347075
GSE134347,GSM3942871,Decoupled inflammatory / MHC-II-low,2.4841078524152747,0.6596188371864206,2.1811238203337666
GSE134347,GSM3942876,Decoupled inflammatory / MHC-II-low,1.1405792427601071,-0.0236284003574831,-0.0961707140380615
GSE134347,GSM3942877,Decoupled inflammatory / MHC-II-low,2.6136204919448884,-0.3977884022426314,0.3123584888545052
GSE134347,GSM3942878,Decoupled inflammatory / MHC-II-low,0.3680511068749347,0.5590432906292274,-0.5494019646302543
GSE134347,GSM3942879,Decoupled inflammatory / MHC-II-low,2.673628976581467,-0.1166955677505477,-0.3528803909541415
GSE134347,GSM3942885,Decoupled inflammatory / MHC-II-low,2.66624930392678,0.1573864181099556,0.1370124361318035
GSE134347,GSM3942905,Decoupled inflammatory / MHC-II-low,0.7413590435949784,-0.2538796225217408,1.2952673599374709
GSE134347,GSM3942906,Decoupled inflammatory / MHC-II-low,0.2955207208515455,1.4314357277632015,1.445925805875799
GSE134347,GSM3942908,Decoupled inflammatory / MHC-II-low,1.6349402545999645,-0.9547972779644124,1.000030681052233
GSE134347,GSM3942910,Decoupled inflammatory / MHC-II-low,0.761528088154964,0.2941469776474381,-0.678993403060023
GSE134347,GSM3942913,Decoupled inflammatory / MHC-II-low,1.6035617624612368,-0.4409147985993253,0.3342131171729222
GSE134347,GSM3942915,Decoupled inflammatory / MHC-II-low,0.7146485055129983,-0.1322596694567606,-0.496590263311538
GSE134347,GSM3942918,Decoupled inflammatory / MHC-II-low,2.8872129117113174,-0.3614961410358859,0.968072041354984
GSE134347,GSM3942920,Decoupled inflammatory / MHC-II-low,0.5362059172806761,0.8719929058957779,-1.014469187538872
GSE134347,GSM3942926,Decoupled inflammatory / MHC-II-low,0.7197190077465576,-0.2748371332352148,-0.3414423951772664
GSE134347,GSM3942927,Decoupled inflammatory / MHC-II-low,2.5354557704887632,-0.1094603493666994,-0.1550280586792487
GSE134347,GSM3942929,Decoupled inflammatory / MHC-II-low,2.3459018862877743,-0.1327694228413552,0.6803124708414237
GSE134347,GSM3942932,Decoupled inflammatory / MHC-II-low,1.5029814721291437,0.3946455012442559,-0.359256601530162
GSE134347,GSM3942938,Decoupled inflammatory / MHC-II-low,2.94017122281085,-0.3807068485184441,-0.5023073137715709
GSE134347,GSM3942939,Decoupled inflammatory / MHC-II-low,2.1481075191351193,0.5050084039846587,0.3482480030174447
GSE134347,GSM3942943,Decoupled inflammatory / MHC-II-low,3.3768389953973306,0.2883609628992185,-0.182928231106334
GSE134347,GSM3942973,Decoupled inflammatory / MHC-II-low,0.5488104928649058,0.8423414537913932,-1.3952330481493351
GSE134347,GSM3942974,Decoupled inflammatory / MHC-II-low,1.7120756244004869,1.3203245701714983,-0.5390946067380309
GSE134347,GSM3942977,Decoupled inflammatory / MHC-II-low,1.274145661485795,-0.4587075293902795,2.4973657510078313
GSE134347,GSM3942986,Decoupled inflammatory / MHC-II-low,0.3747560501020992,1.9173120454014128,-0.7677980813353995
GSE134347,GSM3942989,Decoupled inflammatory / MHC-II-low,0.9171684804525349,1.3911548861281304,-0.7800849011218657
GSE134347,GSM3942992,Decoupled inflammatory / MHC-II-low,3.682331674876928,0.6210863997957925,-0.0688415528900145
GSE134347,GSM3942996,Decoupled inflammatory / MHC-II-low,2.034183024976167,0.9992772040210696,0.184110706913622
GSE134347,GSM3942999,Decoupled inflammatory / MHC-II-low,2.6528089419732286,0.9917282333520276,-0.74155654659778
GSE134347,GSM3943002,Decoupled inflammatory / MHC-II-low,3.832900836144439,1.0004844212546515,1.836978037026078
GSE65682,GSM1602803,Decoupled inflammatory / MHC-II-low,1.234995019722181,0.1086736872943609,-1.4214693966045917
GSE65682,GSM1602811,Decoupled inflammatory / MHC-II-low,1.843598296300251,2.1040098832657903,1.932615701341147
GSE65682,GSM1602815,Decoupled inflammatory / MHC-II-low,1.7831186904355805,-0.7888073132254939,0.8834191834393146
GSE65682,GSM1602819,Decoupled inflammatory / MHC-II-low,3.0687077401903196,0.5728654888233258,-0.1916775571286819
GSE65682,GSM1602823,Decoupled inflammatory / MHC-II-low,1.05246316154675,-0.5721001128929891,0.5389867740853242
GSE65682,GSM1602826,Decoupled inflammatory / MHC-II-low,1.598782525791323,1.0539418740872608,1.4257351795891928
GSE65682,GSM1602829,Decoupled inflammatory / MHC-II-low,2.414820465563272,0.3779114379262139,-0.6901022508063895
GSE65682,GSM1602830,Decoupled inflammatory / MHC-II-low,1.1715250186835686,1.124077328560548,-0.903083974302666
GSE65682,GSM1602831,Decoupled inflammatory / MHC-II-low,1.0761961788043115,2.025349643916517,-0.5113462542516648
GSE65682,GSM1602834,Decoupled inflammatory / MHC-II-low,1.6780801676866142,-0.209175580820269,-0.4250751149229684
GSE65682,GSM1602839,Decoupled inflammatory / MHC-II-low,1.9251532335242425,0.6689461483963993,-0.5728921136237629
GSE65682,GSM1602842,Decoupled inflammatory / MHC-II-low,1.9084702827531093,-0.1999663412974216,-0.4755673931412611
GSE65682,GSM1602844,Decoupled inflammatory / MHC-II-low,4.861697877243235,-1.565489271307798,0.1574266569626267
GSE65682,GSM1602845,Decoupled inflammatory / MHC-II-low,2.5629539327576003,-0.5328248070099597,-0.2380458954442224
GSE65682,GSM1602850,Decoupled inflammatory / MHC-II-low,1.2627075030955173,1.0360148572690098,-0.6814703508761435
GSE65682,GSM1602855,Decoupled inflammatory / MHC-II-low,0.6665050694907511,2.820696460383132,1.5442003543051563
GSE65682,GSM1602858,Decoupled inflammatory / MHC-II-low,2.7135399726466845,0.6664518084096366,1.201229726146142
GSE65682,GSM1602861,Decoupled inflammatory / MHC-II-low,2.455009367644642,0.272867263913264,-0.1724726585045057
GSE65682,GSM1602863,Decoupled inflammatory / MHC-II-low,0.1034962374792161,1.7046008383854234,-0.7765598511751713
GSE65682,GSM1602868,Decoupled inflammatory / MHC-II-low,0.5533564973622737,2.2551393773679353,1.1846679911293791
GSE65682,GSM1602869,Decoupled inflammatory / MHC-II-low,3.026942704604496,-1.524053805762443,0.7288048945705198
GSE65682,GSM1602873,Decoupled inflammatory / MHC-II-low,1.317624736622818,0.7039711254838333,0.2179705874703558
GSE65682,GSM1602879,Decoupled inflammatory / MHC-II-low,1.2536412742867369,0.2802888003188001,-0.699877167968639
GSE65682,GSM1602883,Decoupled inflammatory / MHC-II-low,3.4323883027181417,-0.0072577312472166,1.7992095437618092
GSE65682,GSM1602885,Decoupled inflammatory / MHC-II-low,3.4907387699043766,-1.1842306103394016,0.7632815606791229
GSE65682,GSM1602889,Decoupled inflammatory / MHC-II-low,1.3974134175605484,1.029674987912589,-1.1355724834289738
GSE65682,GSM1602902,Decoupled inflammatory / MHC-II-low,3.7376765494596222,-1.1660691999656714,-0.6325692314985474
GSE65682,GSM1602908,Decoupled inflammatory / MHC-II-low,1.3201908962532534,-1.4729730152126996,-1.1572923958831711
GSE65682,GSM1602922,Decoupled inflammatory / MHC-II-low,2.4714195374293837,-0.7789350388609599,-0.203414755271848
GSE65682,GSM1602923,Decoupled inflammatory / MHC-II-low,1.731193784729718,-0.4873439331186255,-0.1701076173292534
GSE65682,GSM1602924,Decoupled inflammatory / MHC-II-low,2.422940344824349,-0.2619108653699637,0.0550957515431052
GSE65682,GSM1602925,Decoupled inflammatory / MHC-II-low,1.541808910203968,-0.2422379038932069,1.4506857310539187
GSE65682,GSM1602927,Decoupled inflammatory / MHC-II-low,3.1751531857973694,1.2085702438697572,1.4524417665518377
GSE65682,GSM1602928,Decoupled inflammatory / MHC-II-low,2.0526030711122516,0.9882569453255896,0.1841028126989198
GSE65682,GSM1602929,Decoupled inflammatory / MHC-II-low,2.583668744128341,-0.682263461193826,0.9003387364359472
GSE65682,GSM1602932,Decoupled inflammatory / MHC-II-low,4.126537171302016,-0.4091574113052518,0.8256587899972415
GSE65682,GSM1602933,Decoupled inflammatory / MHC-II-low,1.3294898932636896,-1.1754444192674516,-0.6413952568920739
GSE65682,GSM1602934,Decoupled inflammatory / MHC-II-low,1.0868337726967645,0.9447559512058046,1.3839497364218407
GSE65682,GSM1602936,Decoupled inflammatory / MHC-II-low,0.4857446153101298,1.49810340583806,-0.8439801731560299
GSE65682,GSM1602940,Decoupled inflammatory / MHC-II-low,2.057905788384525,-1.466194574213824,1.2953653043813051
GSE65682,GSM1602942,Decoupled inflammatory / MHC-II-low,1.937095986346261,0.2740817667880834,1.7817654289540197
GSE65682,GSM1602946,Decoupled inflammatory / MHC-II-low,1.6283807343715104,0.743408997982648,-1.0605298776315344
GSE65682,GSM1602947,Decoupled inflammatory / MHC-II-low,0.9030063821133516,1.1220932666025716,-1.0863358155797174
GSE65682,GSM1602958,Decoupled inflammatory / MHC-II-low,0.5505206570808426,-0.064722896963651,-1.062458190144822
GSE65682,GSM1602975,Decoupled inflammatory / MHC-II-low,0.748594551493952,0.4273497160136245,-0.4321278707249581
GSE65682,GSM1602976,Decoupled inflammatory / MHC-II-low,2.81591701644037,-0.776552587911259,-0.2553453357294414
GSE65682,GSM1691861,Decoupled inflammatory / MHC-II-low,2.339624838369037,-0.1181178143074486,-0.4340813949458962
GSE65682,GSM1691863,Decoupled inflammatory / MHC-II-low,1.919409298793324,0.3231741687003805,-0.5834124137989309
GSE65682,GSM1691865,Decoupled inflammatory / MHC-II-low,2.4850028291877435,-0.9289490788983008,-0.9397734709292492
GSE65682,GSM1691882,Decoupled inflammatory / MHC-II-low,3.1271076346046116,-0.5261194094807993,-0.0370544558820165
GSE65682,GSM1691915,Decoupled inflammatory / MHC-II-low,0.2371527170073339,1.0491874553433511,-0.7552398575216157
GSE65682,GSM1691935,Decoupled inflammatory / MHC-II-low,2.396661403882922,-1.0175487034057016,-0.4647505380144361
GSE65682,GSM1691965,Decoupled inflammatory / MHC-II-low,0.5699279902533011,0.2197616463712683,-0.3340676053678537
GSE65682,GSM1691981,Decoupled inflammatory / MHC-II-low,1.6050089200300652,-1.4011158997548636,-0.3182385588208347
GSE65682,GSM1691987,Decoupled inflammatory / MHC-II-low,3.6848022410985166,-0.474155032548091,0.157098308275735
GSE65682,GSM1692007,Decoupled inflammatory / MHC-II-low,0.5737319616777371,0.8571074220125178,-1.8774496293811656
GSE65682,GSM1692009,Decoupled inflammatory / MHC-II-low,1.1837189388367697,1.110735563592812,0.3538564176176133
GSE65682,GSM1692019,Decoupled inflammatory / MHC-II-low,0.5958048692402004,0.1014575920478655,0.8496851646613786
GSE65682,GSM1692029,Decoupled inflammatory / MHC-II-low,0.7579399761014864,-0.5991276555495254,0.2121049975037548
GSE65682,GSM1692040,Decoupled inflammatory / MHC-II-low,0.432751605413697,0.3002358012058309,0.6088582615628927
GSE65682,GSM1692045,Decoupled inflammatory / MHC-II-low,1.998116514042826,0.0522085381470993,-1.0151792431597662
GSE65682,GSM1692061,Decoupled inflammatory / MHC-II-low,-0.1353953282519997,0.9965910830143722,-0.9970576769091214
GSE65682,GSM1692108,Decoupled inflammatory / MHC-II-low,-0.0477187597762999,0.5888948893559752,-0.627295389731615
GSE65682,GSM1692132,Decoupled inflammatory / MHC-II-low,2.1676024630967343,1.1833981591412783,-0.1305107197577199
GSE65682,GSM1692157,Decoupled inflammatory / MHC-II-low,1.8867364778694604,-0.4148406792979852,0.1307912540909196
GSE65682,GSM1692177,Decoupled inflammatory / MHC-II-low,0.9158324249678552,-0.4859863724522508,-1.2747322369651597
GSE65682,GSM1692181,Decoupled inflammatory / MHC-II-low,0.9588059725967336,-0.9113510640991038,0.5408560093793915
GSE65682,GSM1692192,Decoupled inflammatory / MHC-II-low,2.267016184614346,0.891322833070211,-0.3596460370051747
GSE65682,GSM1692203,Decoupled inflammatory / MHC-II-low,0.6786727918856045,0.4772490297149769,-0.7620938352849427
GSE65682,GSM1692223,Decoupled inflammatory / MHC-II-low,1.2184684976143616,-0.0895913476968846,0.5075587835155262
GSE65682,GSM1692259,Decoupled inflammatory / MHC-II-low,0.4557569307042431,1.1106460073690294,-0.4338822057310822
GSE65682,GSM1692383,Decoupled inflammatory / MHC-II-low,0.7390357255612388,0.7058823490157144,-1.0566876234688083
GSE65682,GSM1692386,Decoupled inflammatory / MHC-II-low,1.6201118066763822,-0.1257261345312951,-0.4485088516731532
GSE65682,GSM1692387,Decoupled inflammatory / MHC-II-low,1.8697815676964131,-0.8049525643949207,-0.6201581622436227
GSE65682,GSM1692443,Decoupled inflammatory / MHC-II-low,2.529984537328146,0.0685274961829246,1.4463067262214906
GSE65682,GSM1692482,Decoupled inflammatory / MHC-II-low,1.9268948459890891,-0.2198084722235476,2.3402794053418745
GSE65682,GSM1692485,Decoupled inflammatory / MHC-II-low,2.057184095700853,-0.4427615677988143,-0.5702483311360923
GSE65682,GSM1692489,Decoupled inflammatory / MHC-II-low,0.8891749050378422,-1.0314149462039663,0.348933417301224
GSE32707,GSM812614,Decoupled inflammatory / MHC-II-low,0.8030067182192069,0.7522337264386293,-0.8512619612898974
GSE32707,GSM812616,Decoupled inflammatory / MHC-II-low,0.4572147941159702,0.0992169438927666,-0.6252856616449641
GSE32707,GSM812618,Decoupled inflammatory / MHC-II-low,0.6343658998636651,1.3004458048330856,-0.884718900832746
GSE32707,GSM812622,Decoupled inflammatory / MHC-II-low,0.7288785919000926,-0.0035928965318851,0.4740455881194976
GSE32707,GSM812631,Decoupled inflammatory / MHC-II-low,0.9011450417322424,0.7305821305481356,-0.406273371424934
GSE32707,GSM812638,Decoupled inflammatory / MHC-II-low,1.5866134733949713,-1.601834913710161,0.0606699163567764
GSE32707,GSM812647,Decoupled inflammatory / MHC-II-low,0.8330228297135203,0.7435604808769544,-0.5722459424519408
GSE32707,GSM812649,Decoupled inflammatory / MHC-II-low,1.3636104069305104,1.1505538912418156,-0.0614828092121234
GSE32707,GSM812651,Decoupled inflammatory / MHC-II-low,3.0471854895458494,0.2498012029482876,-0.3437186556482595
GSE32707,GSM812660,Decoupled inflammatory / MHC-II-low,0.9580909368334664,-0.1362934054807927,-0.4460435039352045
GSE32707,GSM812662,Decoupled inflammatory / MHC-II-low,1.003735939820288,-0.2045470577014543,-0.3796414073229497
GSE32707,GSM812664,Decoupled inflammatory / MHC-II-low,2.9369412449984766,1.3252199895917938,-0.5866427191012686
GSE32707,GSM812673,Decoupled inflammatory / MHC-II-low,1.4698236322056282,-0.5840147113943891,0.0453999577632641
GSE32707,GSM812674,Decoupled inflammatory / MHC-II-low,1.330362871529064,-0.6407402599256935,0.1983891164270886
GSE32707,GSM812700,Decoupled inflammatory / MHC-II-low,1.3134832075848406,1.327958636488752,-0.7137726421032463
GSE32707,GSM812712,Decoupled inflammatory / MHC-II-low,0.6523323420570594,-0.7929849529762709,-0.0627386609118884
GSE32707,GSM812739,Decoupled inflammatory / MHC-II-low,0.4406330593806144,1.4791645869360224,1.7385338790482818
GSE69063,GSM1691731,Decoupled inflammatory / MHC-II-low,3.910987710363023,-0.3283859514831444,-0.4338234850075234
GSE69063,GSM1691736,Decoupled inflammatory / MHC-II-low,2.4663035689961883,0.647612739276147,-0.1219220141874658
GSE69063,GSM1691753,Decoupled inflammatory / MHC-II-low,3.4415241162027392,0.8607353300165106,2.490907405963656
GSE69063,GSM1691755,Decoupled inflammatory / MHC-II-low,1.303819147592598,0.4004475337065558,1.9964052847581657
GSE69063,GSM1691758,Decoupled inflammatory / MHC-II-low,3.0784446229870412,0.9078993961267988,-1.0177497570127465
GSE69063,GSM1691761,Decoupled inflammatory / MHC-II-low,1.5355375676271588,-0.17112667176198,-0.5658859090778403
GSE69063,GSM1691764,Decoupled inflammatory / MHC-II-low,1.0189716326920832,1.4728566030176664,0.391385555047755
GSE69063,GSM1691766,Decoupled inflammatory / MHC-II-low,3.7875711916610335,-0.0943570757188325,1.149246234295264
GSE69063,GSM1691772,Decoupled inflammatory / MHC-II-low,1.4017849061712286,0.5131549250392854,0.3039633932669491
GSE69063,GSM1691778,Decoupled inflammatory / MHC-II-low,1.882107781943821,-0.1190170266202072,-0.8492944828333274
GSE69063,GSM1691781,Decoupled inflammatory / MHC-II-low,2.8845712515429773,-0.555443389565028,0.1795940919552957
GSE69063,GSM1691787,Decoupled inflammatory / MHC-II-low,0.8996589454835162,0.0559603171536173,-0.2906763247930221
GSE69063,GSM1691790,Decoupled inflammatory / MHC-II-low,1.1489093793730991,0.3579397690122989,0.1176014098734947
GSE28750,GSM712480,Decoupled inflammatory / MHC-II-low,1.5720793009116596,-0.0772220528173466,0.4448895498514341
GSE28750,GSM712481,Decoupled inflammatory / MHC-II-low,2.7825217342452455,-0.6588279524441392,-0.2221188950742925
GSE28750,GSM712482,Decoupled inflammatory / MHC-II-low,2.0213376919744728,0.4030332490550506,-0.4206785480513437
GSE28750,GSM712483,Decoupled inflammatory / MHC-II-low,1.0623897569883094,1.720239496702308,1.8580735835019984
GSE28750,GSM712484,Decoupled inflammatory / MHC-II-low,2.065469971886688,-0.5018708953434681,-0.4908544692667937
GSE28750,GSM712485,Decoupled inflammatory / MHC-II-low,0.8972879863161898,-1.0152065353854736,-0.6099330457923103
GSE28750,GSM712486,Decoupled inflammatory / MHC-II-low,2.0589863374700244,-0.9846256888240668,-0.0259087129388163
GSE54514,GSM1317915,Decoupled inflammatory / MHC-II-low,1.9199604590951365,-1.042973568639751,0.611625125861349
GSE54514,GSM1317916,Decoupled inflammatory / MHC-II-low,2.1175527813323063,-0.0595889690382125,0.7198976253440623
GSE54514,GSM1317922,Decoupled inflammatory / MHC-II-low,0.5074139503680302,0.6679296506974959,1.8368362956806037
GSE54514,GSM1317947,Decoupled inflammatory / MHC-II-low,1.9598880355350976,-0.038621459077809,-1.0589580971357382
GSE54514,GSM1317949,Decoupled inflammatory / MHC-II-low,2.426906966097707,-0.1207475166948997,-0.3809584547329931
GSE54514,GSM1317950,Decoupled inflammatory / MHC-II-low,0.7863779620583051,1.1270559240668416,0.131767803929029
GSE54514,GSM1317951,Decoupled inflammatory / MHC-II-low,1.7490869645666194,-0.7238047505894623,-0.5464680107026748
GSE54514,GSM1317952,Decoupled inflammatory / MHC-II-low,1.4375583265799727,-0.6608417595232086,-0.2810624674156863
GSE54514,GSM1317954,Decoupled inflammatory / MHC-II-low,1.3920306087202825,-0.3548674847839507,-0.4909988396354786
GSE54514,GSM1317955,Decoupled inflammatory / MHC-II-low,0.9011673236485868,-0.5076403903169968,-0.2821706386066261
GSE54514,GSM1317956,Decoupled inflammatory / MHC-II-low,1.742193788372272,0.9808085967565132,0.1759880079306812
GSE54514,GSM1317958,Decoupled inflammatory / MHC-II-low,1.5649413958075138,0.92703189417676235,-0.0493186117451455
GSE54514,GSM1317962,Decoupled inflammatory / MHC-II-low,-0.174850857090101,0.7028749769077595,-0.6521157053540207
GSE54514,GSM1317964,Decoupled inflammatory / MHC-II-low,0.8320071894917942,-0.1145678656026902,0.74274897336632
GSE54514,GSM1317968,Decoupled inflammatory / MHC-II-low,0.4948462917470981,0.5390307259689355,-0.765496504797287
GSE154918,GSM4683539,MHC-II/adaptive preserved,-3.4393365719808666,1.0077500960833377,-0.6806496127947697
GSE154918,GSM4683543,MHC-II/adaptive preserved,-0.5191877908523812,1.2878202750894556,0.6675289948128902
GSE154918,GSM4683557,MHC-II/adaptive preserved,-2.7802789568428934,-0.666767723877768,-0.3182092878083857
GSE154918,GSM4683582,MHC-II/adaptive preserved,-4.104204580714937,-0.4301920787702908,0.3845170277067733
GSE154918,GSM4683583,MHC-II/adaptive preserved,-2.1291906490692405,1.0742536957890938,-0.2213544595931308
GSE154918,GSM4683587,MHC-II/adaptive preserved,-1.2040422588126425,0.6903596351216282,1.4251454481229096
GSE154918,GSM4683593,MHC-II/adaptive preserved,0.156151797713497,1.8462954774473148,0.7591318393510441
GSE154918,GSM4683594,MHC-II/adaptive preserved,-1.346795808903752,2.400383244891226,0.9919743448753056
GSE154918,GSM4683597,MHC-II/adaptive preserved,-3.631858764423209,-0.6110803597742509,0.289647392179886
GSE154918,GSM4683600,MHC-II/adaptive preserved,-2.2143409473223095,-0.6557521710390052,0.3468179601287973
GSE154918,GSM4683611,MHC-II/adaptive preserved,-2.9697688447696526,-0.175912524823244,1.1221896344454216
GSE134347,GSM3942706,MHC-II/adaptive preserved,-3.338422444007161,2.9966910494932466,0.4469669415758355
GSE134347,GSM3942713,MHC-II/adaptive preserved,-0.5779912445673163,1.1594567699916964,-0.9885762024761118
GSE134347,GSM3942731,MHC-II/adaptive preserved,-0.780664488648905,1.8225652901562968,-1.633243421886822
GSE134347,GSM3942746,MHC-II/adaptive preserved,-1.274572652801861,0.6461169869982674,-0.865569681091697
GSE134347,GSM3942748,MHC-II/adaptive preserved,-4.824673877089505,1.078570699331528,-0.9014344412234694
GSE134347,GSM3942749,MHC-II/adaptive preserved,-3.963750510376257,0.2135453059582882,-0.4247056762683354
GSE134347,GSM3942753,MHC-II/adaptive preserved,-2.7374423414193307,-0.2522078422258993,2.2430225293579653
GSE134347,GSM3942754,MHC-II/adaptive preserved,-0.4867933506557142,2.3614624655192196,-0.7216162806768884
GSE134347,GSM3942755,MHC-II/adaptive preserved,-0.4259159435155621,1.0616803771997871,-1.297634214706437
GSE134347,GSM3942757,MHC-II/adaptive preserved,-4.458028014061432,1.065604929643329,-0.4971527230941393
GSE134347,GSM3942760,MHC-II/adaptive preserved,-0.3419014680723156,1.4855152600332002,-0.979713881445253
GSE134347,GSM3942765,MHC-II/adaptive preserved,-1.1761186320418275,1.3563196113108762,-0.7560905549408159
GSE134347,GSM3942787,MHC-II/adaptive preserved,-2.001323544804657,0.05061092806587,-0.3009736834071401
GSE134347,GSM3942791,MHC-II/adaptive preserved,-0.7022667866209918,1.4146382222454628,-1.3381036484113409
GSE134347,GSM3942800,MHC-II/adaptive preserved,-5.506354353365965,5.517651317428917,-0.0962230778834648
GSE134347,GSM3942802,MHC-II/adaptive preserved,-2.248597102342788,-0.3139375135807632,-0.4202166407600971
GSE134347,GSM3942804,MHC-II/adaptive preserved,-0.4094513274824077,1.637265073730385,-1.0541302846109326
GSE134347,GSM3942806,MHC-II/adaptive preserved,-6.3337633578243535,-2.2269731389738228,-0.0166841496072674
GSE134347,GSM3942807,MHC-II/adaptive preserved,-0.4746818925522469,1.2764713517639767,1.220544986357081
GSE134347,GSM3942834,MHC-II/adaptive preserved,-1.6830950818110832,1.1009010555221557,0.1048967340985164
GSE134347,GSM3942838,MHC-II/adaptive preserved,-1.594020130281704,1.413765618086637,1.6057194802066246
GSE134347,GSM3942860,MHC-II/adaptive preserved,-1.2708557645668577,0.8421859371601323,0.1184215076561524
GSE134347,GSM3942861,MHC-II/adaptive preserved,-1.2553646058742152,1.8512638832746384,2.433349441558887
GSE134347,GSM3942866,MHC-II/adaptive preserved,-2.6094742052369253,-0.3044806399231,1.0518219106402316
GSE134347,GSM3942868,MHC-II/adaptive preserved,-1.9876453642627017,-0.4032662197914171,2.434240845078685
GSE134347,GSM3942874,MHC-II/adaptive preserved,-1.328131403085388,0.1807919857562667,1.4012881395580907
GSE134347,GSM3942875,MHC-II/adaptive preserved,-3.3332762823934963,-0.1458394238323215,1.435152017899016
GSE134347,GSM3942882,MHC-II/adaptive preserved,-2.783347408328304,0.4871941991353988,-0.0454153977781409
GSE134347,GSM3942914,MHC-II/adaptive preserved,-1.4192573048884285,0.3157939553542495,2.432158016692579
GSE134347,GSM3942917,MHC-II/adaptive preserved,-4.602045439926357,1.272398170090719,0.5563594466905671
GSE134347,GSM3942923,MHC-II/adaptive preserved,-1.4457907669066168,1.5387693071510269,0.5243899251865591
GSE134347,GSM3942924,MHC-II/adaptive preserved,-1.5944615085271008,0.2600177373835941,0.3688133254204893
GSE134347,GSM3942936,MHC-II/adaptive preserved,-2.3580774022599384,0.2055990947458853,1.5281791821066224
GSE134347,GSM3942937,MHC-II/adaptive preserved,-1.3650866622505855,2.017565785703982,1.047447761383886
GSE134347,GSM3942940,MHC-II/adaptive preserved,-0.987023803596458,0.9834292707260796,-0.9846004458144954
GSE134347,GSM3942942,MHC-II/adaptive preserved,-0.8634280630130245,2.045457132032787,0.1765126810939486
GSE134347,GSM3942944,MHC-II/adaptive preserved,-3.17085974237612,0.2447689325299614,-0.5853008462279702
GSE134347,GSM3942979,MHC-II/adaptive preserved,-2.0470347302112732,-0.4062236186433351,0.4913100717335018
GSE134347,GSM3942987,MHC-II/adaptive preserved,-4.68417363282967,3.4668639698727737,1.7002758559565805
GSE134347,GSM3942990,MHC-II/adaptive preserved,-0.9859024726223602,1.3205050394911937,-1.2346308850113812
GSE134347,GSM3942993,MHC-II/adaptive preserved,-0.3954379528449347,2.2128726398749663,-1.139092860413883
GSE134347,GSM3942997,MHC-II/adaptive preserved,-1.693078779865861,1.0576995543590648,-1.4069669974195165
GSE134347,GSM3942998,MHC-II/adaptive preserved,-0.7606331464398606,2.046586094620292,-1.873299990362639
GSE65682,GSM1602802,MHC-II/adaptive preserved,-0.2400516375766289,1.4020179405664188,-1.3218484471022718
GSE65682,GSM1602810,MHC-II/adaptive preserved,-2.2132010825905075,0.5368602497821883,-0.2328508994537183
GSE65682,GSM1602820,MHC-II/adaptive preserved,-1.6762540120694276,0.8177607464119301,-0.6395364022798835
GSE65682,GSM1602825,MHC-II/adaptive preserved,-1.4968157887996385,0.2965962514385951,-0.330454987451909
GSE65682,GSM1602832,MHC-II/adaptive preserved,-2.561647866793588,1.116155544847974,-1.1925489486740295
GSE65682,GSM1602836,MHC-II/adaptive preserved,-2.518874028663697,0.6492765002382227,0.8146966624758106
GSE65682,GSM1602837,MHC-II/adaptive preserved,-0.6466633790007994,2.0611795452985673,-0.4937630329383968
GSE65682,GSM1602838,MHC-II/adaptive preserved,-1.2566434884265407,0.7544392485277707,0.0274743488915117
GSE65682,GSM1602840,MHC-II/adaptive preserved,-0.3368703424330382,1.144078523635127,0.8878903347676136
GSE65682,GSM1602846,MHC-II/adaptive preserved,-2.309126719949255,0.3860623507380641,-0.7893096399316434
GSE65682,GSM1602847,MHC-II/adaptive preserved,-0.662985125459535,0.8725104504304816,-1.1146218282347111
GSE65682,GSM1602849,MHC-II/adaptive preserved,-1.833973806133304,1.0348518708784475,1.3806964053140405
GSE65682,GSM1602852,MHC-II/adaptive preserved,-0.7669299886737659,0.6457642740083364,0.3917387614647062
GSE65682,GSM1602859,MHC-II/adaptive preserved,-0.3106382436186977,0.6041146599125508,0.0268743263537371
GSE65682,GSM1602866,MHC-II/adaptive preserved,-1.8037971731409457,1.934767352263927,1.8697527827682583
GSE65682,GSM1602886,MHC-II/adaptive preserved,-1.93588857265182,1.234586829912539,1.3166178844748329
GSE65682,GSM1602888,MHC-II/adaptive preserved,-2.031873632980182,0.6631420198070183,-1.0000230417611364
GSE65682,GSM1602907,MHC-II/adaptive preserved,-3.143236412975403,0.7008306993904592,2.003784662373973
GSE65682,GSM1602921,MHC-II/adaptive preserved,-1.6809218314690928,-0.3446761641365264,0.9785271458088072
GSE65682,GSM1602930,MHC-II/adaptive preserved,-3.4439125120860257,1.0108401229405262,0.2297923890575875
GSE65682,GSM1602931,MHC-II/adaptive preserved,-2.4956405459892967,-0.7201307078335706,0.7429283908523884
GSE65682,GSM1602943,MHC-II/adaptive preserved,-2.041805856190575,0.8934947078231219,-0.9670613254217314
GSE65682,GSM1602945,MHC-II/adaptive preserved,-1.8523864911477252,-0.2423328400506487,1.3268993673231626
GSE65682,GSM1602950,MHC-II/adaptive preserved,-3.112387833150066,0.5931519523460177,-0.4413641524886806
GSE65682,GSM1602952,MHC-II/adaptive preserved,-2.6567687359633365,0.6345650607021701,0.0420179175223115
GSE65682,GSM1602968,MHC-II/adaptive preserved,-1.7704066186966072,0.6648031325428323,-1.681349256240176
GSE65682,GSM1691874,MHC-II/adaptive preserved,-1.3273535537246868,0.3464412344654798,2.7571512410673904
GSE65682,GSM1691895,MHC-II/adaptive preserved,-1.029939592155019,1.1271607285687533,-1.3099753260795604
GSE65682,GSM1691911,MHC-II/adaptive preserved,-0.3226341659140666,1.7026367120258563,0.4265461719716715
GSE65682,GSM1691923,MHC-II/adaptive preserved,-3.0693444212430383,-0.3317860742713954,-0.0781696264045032
GSE65682,GSM1691944,MHC-II/adaptive preserved,-3.633930457188421,0.104234841768129,0.4750477767220906
GSE65682,GSM1692035,MHC-II/adaptive preserved,-1.5224817647662034,0.0963006663531967,-1.502209328170769
GSE65682,GSM1692063,MHC-II/adaptive preserved,-2.349135785991549,1.005874688846199,2.3452727216180405
GSE65682,GSM1692089,MHC-II/adaptive preserved,-5.235838337597419,-0.7888505135050762,-0.4883394096832627
GSE65682,GSM1692101,MHC-II/adaptive preserved,-3.983219736733744,1.828790870294135,1.1069609707385664
GSE65682,GSM1692118,MHC-II/adaptive preserved,0.0239852385248129,1.4834160627773163,0.3328309223361012
GSE65682,GSM1692121,MHC-II/adaptive preserved,-0.4299127145330765,0.7379680570215384,-0.7488462602290746
GSE65682,GSM1692167,MHC-II/adaptive preserved,-1.31173743639947,1.3190645627358002,-1.210903416274796
GSE65682,GSM1692199,MHC-II/adaptive preserved,-0.3666127938881221,0.7321004220420209,-1.109526693781686
GSE65682,GSM1692204,MHC-II/adaptive preserved,-0.2407917569552549,0.6890807804588195,-0.2086267548257626
GSE65682,GSM1692216,MHC-II/adaptive preserved,-2.6433059455923074,0.4773805035644667,-0.8524514250458682
GSE65682,GSM1692245,MHC-II/adaptive preserved,-1.4044151884336342,0.2097505949884502,0.3886231743722937
GSE65682,GSM1692250,MHC-II/adaptive preserved,-7.69462390292042,-1.5919639408426458,0.3149065887037819
GSE65682,GSM1692258,MHC-II/adaptive preserved,-2.036313975091305,0.39357607579893,-0.903246843905585
GSE65682,GSM1692266,MHC-II/adaptive preserved,-1.0100019773002809,1.2551448501816114,0.2403977787389775
GSE65682,GSM1692268,MHC-II/adaptive preserved,-0.6892012782410816,2.275164378653771,-1.6403933291472907
GSE65682,GSM1692272,MHC-II/adaptive preserved,-4.118087556395481,2.1637081519652965,0.4644565203725088
GSE65682,GSM1692326,MHC-II/adaptive preserved,-0.8289573738096692,0.5106038606496889,1.5666577710262022
GSE65682,GSM1692334,MHC-II/adaptive preserved,-2.397254766011425,0.4794303996351222,-0.7688215978404651
GSE65682,GSM1692352,MHC-II/adaptive preserved,-2.4484953266919867,0.6193339284222581,0.3329622687117435
GSE65682,GSM1692366,MHC-II/adaptive preserved,-0.6892795372881846,2.023157562181954,1.507284519138104
GSE65682,GSM1692413,MHC-II/adaptive preserved,-1.0355827711913477,0.5037706134300712,1.5324002203375091
GSE65682,GSM1692430,MHC-II/adaptive preserved,-1.4231518342255314,0.2449587729843587,-0.7608069135699191
GSE65682,GSM1692455,MHC-II/adaptive preserved,-1.814115526699945,1.1865231947897723,-0.2661875459073023
GSE65682,GSM1692487,MHC-II/adaptive preserved,-0.50321755187438455,1.6455840892634284,-0.7232989335992467
GSE65682,GSM1692492,MHC-II/adaptive preserved,-4.329361195867042,-0.1207067840559759,-1.2008119497803729
GSE65682,GSM1692498,MHC-II/adaptive preserved,-5.25702251729339,-2.130162667031993,0.2863433252054265
GSE32707,GSM812609,MHC-II/adaptive preserved,-1.0854529180653176,1.1558484781782543,0.0643371180702109
GSE32707,GSM812615,MHC-II/adaptive preserved,-4.25168582328419,3.8477494919589983,1.6615026813217686
GSE32707,GSM812629,MHC-II/adaptive preserved,-1.2365577256440448,2.5484432802705563,0.186336584329456
GSE32707,GSM812634,MHC-II/adaptive preserved,-4.1019565124267885,1.2626350889263696,-0.7452021449849713
GSE32707,GSM812653,MHC-II/adaptive preserved,-2.1148299899637673,-0.6243775316090482,-0.3497820313430544
GSE32707,GSM812671,MHC-II/adaptive preserved,-2.3350737978954283,1.1980308430713065,0.3081673807779141
GSE32707,GSM812681,MHC-II/adaptive preserved,-0.8796443890491685,0.3660339798011418,0.0416073720678299
GSE32707,GSM812693,MHC-II/adaptive preserved,-3.093139802140678,-0.7027127634819902,-1.1897280603717866
GSE32707,GSM812703,MHC-II/adaptive preserved,-2.0170866346358767,-0.5049220320645635,-0.5356809406239578
GSE32707,GSM812710,MHC-II/adaptive preserved,-1.641978644866578,1.76367429347244,0.5119953452915414
GSE32707,GSM812726,MHC-II/adaptive preserved,-2.091056459435989,-0.0353639629036521,-0.8284854225545869
GSE32707,GSM812729,MHC-II/adaptive preserved,0.5312517240221097,4.300232870342431,3.201019050100666
GSE32707,GSM812731,MHC-II/adaptive preserved,-1.222091695863735,0.2552025607349947,-0.6381456291724025
GSE69063,GSM1691769,MHC-II/adaptive preserved,-0.0633803067092397,1.3211485417154372,1.1920554123330072
GSE69063,GSM1691784,MHC-II/adaptive preserved,-0.556431272690405,0.8647529146750407,-0.8283362106047357
GSE69063,GSM1691793,MHC-II/adaptive preserved,-1.6040281527939124,1.0650029225186786,1.903285889285771
GSE69063,GSM1691796,MHC-II/adaptive preserved,-0.4424446481576495,0.691762523096678,1.718655335004278
GSE28750,GSM712478,MHC-II/adaptive preserved,-2.1173022022648635,-0.0529244870546088,-0.9323241161804304
GSE28750,GSM712479,MHC-II/adaptive preserved,-2.2968006881477496,0.3343195681498285,-0.952020888342384
GSE54514,GSM1317917,MHC-II/adaptive preserved,-1.2725703139682951,-0.2496138187196002,1.5654939325641464
GSE54514,GSM1317919,MHC-II/adaptive preserved,-2.742352454427214,-0.875166053655855,-0.2536096283619654
GSE54514,GSM1317921,MHC-II/adaptive preserved,-2.7908855548044627,-0.4299878665474316,0.0021369247969187
GSE54514,GSM1317957,MHC-II/adaptive preserved,-3.4265586061155227,1.9485319654874105,-0.1486453784093046
GSE54514,GSM1317959,MHC-II/adaptive preserved,-2.5897519075335573,1.8507518876288176,-1.3942324224982865
GSE54514,GSM1317961,MHC-II/adaptive preserved,-1.3106307856201511,0.3577530659425045,-0.6013328667795275
GSE54514,GSM1317965,MHC-II/adaptive preserved,-1.2741986515318506,0.7195429855339044,0.0209962597624213
GSE54514,GSM1317967,MHC-II/adaptive preserved,-4.5062234721529055,-0.6714862553963529,-0.7138254256978773
GSE54514,GSM1317969,MHC-II/adaptive preserved,-2.5843199786388924,0.8494074393754683,0.3398323718299943
GSE54514,GSM1317970,MHC-II/adaptive preserved,-3.799575082604972,1.4209858787441538,-1.572551837724138
GSE154918,GSM4683546,Intermediate mixed,-0.9304929867732552,-0.922516392475112,-0.0035611062407279
GSE154918,GSM4683552,Intermediate mixed,0.440376100456135,-1.47240080980585,-0.7124372081339825
GSE154918,GSM4683561,Intermediate mixed,-0.6037966287673785,0.2376431028255709,0.3274911058761721
GSE154918,GSM4683563,Intermediate mixed,-0.119057243260617,-1.015220101062361,-0.9513303746720404
GSE154918,GSM4683589,Intermediate mixed,-1.9753161701888624,-0.7317960861177578,-0.8414038284135256
GSE154918,GSM4683601,Intermediate mixed,-2.314350122992232,-1.3457859798702163,-0.359533645454117
GSE154918,GSM4683603,Intermediate mixed,-4.247183209650762,-3.424755815816672,0.1299464454681142
GSE154918,GSM4683604,Intermediate mixed,-0.9905648300757636,0.1497076633546928,-0.8436009347781506
GSE154918,GSM4683607,Intermediate mixed,-1.5746349213284416,-0.4805625133555241,-0.9186050548329656
GSE154918,GSM4683610,Intermediate mixed,-2.9675830873351794,-1.7801607615293518,0.6666739918584598
GSE134347,GSM3942716,Intermediate mixed,0.2803280887884198,-2.492178938710094,1.1498822524952852
GSE134347,GSM3942728,Intermediate mixed,-0.0312705073889118,-2.7007320043032053,0.528365335509173
GSE134347,GSM3942751,Intermediate mixed,0.5770544930638227,-0.7709985539324855,-0.4403124651899293
GSE134347,GSM3942763,Intermediate mixed,-0.1233139584946329,0.0781492895170036,-0.4277458610213966
GSE134347,GSM3942769,Intermediate mixed,-0.2816105175050973,-0.0890470557216315,-0.8140732216306947
GSE134347,GSM3942770,Intermediate mixed,-2.0166785437503485,-2.2170545984717753,0.3200016388783783
GSE134347,GSM3942784,Intermediate mixed,-0.4058663644421584,-3.839170541326303,0.7716693920560597
GSE134347,GSM3942792,Intermediate mixed,-1.3824310430127704,-0.6739316562039682,0.9112726161988908
GSE134347,GSM3942794,Intermediate mixed,0.5264793498119218,-1.516851152982965,0.1162473891183667
GSE134347,GSM3942796,Intermediate mixed,0.5178156247253544,-1.4300381808302596,-0.0416494832814265
GSE134347,GSM3942797,Intermediate mixed,-1.1350128992440576,-1.3250920052579465,0.3004513764052516
GSE134347,GSM3942799,Intermediate mixed,-0.4555842522062157,-2.273193875310737,0.1955667986117546
GSE134347,GSM3942809,Intermediate mixed,-0.9315845231837724,-1.2479303672844964,0.318387935495606
GSE134347,GSM3942811,Intermediate mixed,-1.0840130755831403,-0.7380234024930002,-0.3132407419108289
GSE134347,GSM3942837,Intermediate mixed,1.016849924311241,-1.7274518127630607,0.1706363754273779
GSE134347,GSM3942847,Intermediate mixed,-2.3652298318491347,-1.0179779760322802,0.0564581135302312
GSE134347,GSM3942855,Intermediate mixed,0.3794906539635015,-0.8298838426180657,0.1498162201327671
GSE134347,GSM3942862,Intermediate mixed,-9.465277170331e-4,-0.1659502567690423,0.3229746214966976
GSE134347,GSM3942872,Intermediate mixed,-0.4469484754009428,0.1838570994993368,-1.3241882773663654
GSE134347,GSM3942873,Intermediate mixed,-2.1134538790746524,-2.605770188333145,0.9783554083249678
GSE134347,GSM3942881,Intermediate mixed,-0.6734631574559574,0.1640668538720305,0.0265673496459489
GSE134347,GSM3942886,Intermediate mixed,-0.6707277339567167,-1.0158066601031706,0.8726114379321246
GSE134347,GSM3942911,Intermediate mixed,0.6714642773422498,-1.5898565219318326,-0.0368088493548867
GSE134347,GSM3942912,Intermediate mixed,-0.4461865960457102,-1.990974164743577,0.9948728882279476
GSE134347,GSM3942916,Intermediate mixed,-0.1037309856467154,-1.4964796606223008,0.3524935517563785
GSE134347,GSM3942919,Intermediate mixed,-0.2032811530791355,-0.1517393538918664,0.0100894993423737
GSE134347,GSM3942921,Intermediate mixed,-0.9257563557632325,-1.5958467485116086,0.3539058966044194
GSE134347,GSM3942922,Intermediate mixed,-1.6003714583663464,-1.03322376031543,-0.4413843100751137
GSE134347,GSM3942935,Intermediate mixed,0.1181122869445253,-0.1222538573735489,0.1447740893493214
GSE134347,GSM3942975,Intermediate mixed,0.8347703434567669,-1.364485990083965,-0.0110230708703699
GSE134347,GSM3942976,Intermediate mixed,-1.5157451498920684,-2.6806569978282866,0.5418203887169657
GSE134347,GSM3942978,Intermediate mixed,-2.2005069306406533,-1.6544128677394798,-0.4217352751077367
GSE134347,GSM3942983,Intermediate mixed,0.5192248381617949,-0.8969460695960735,-0.5772216664013254
GSE134347,GSM3942984,Intermediate mixed,-1.1474345525845049,-1.932489923468431,-0.8411083441604901
GSE134347,GSM3942985,Intermediate mixed,-0.322584826562834,-0.8939285981904687,0.3132670386577498
GSE134347,GSM3942988,Intermediate mixed,-0.1545695445512367,-0.0238721738841665,-0.8923521282878403
GSE134347,GSM3942991,Intermediate mixed,-0.4325846716514794,-1.492757287501559,8.92087391646e-4
GSE134347,GSM3942994,Intermediate mixed,0.0220122408184382,-1.3784012833802584,0.3234724905327218
GSE134347,GSM3943001,Intermediate mixed,0.1384946635484573,-1.2598844249067618,-0.1380673093420378
GSE134347,GSM3943003,Intermediate mixed,-1.9446591615397564,-0.574691602675365,-2.34122753405e-4
GSE65682,GSM1602805,Intermediate mixed,0.6823867098806791,-1.0630962892115734,0.4033231852276898
GSE65682,GSM1602812,Intermediate mixed,0.2927724146278161,-0.2081609906208161,0.0965055004109522
GSE65682,GSM1602813,Intermediate mixed,-0.225288627788158,-0.3673159299417921,-0.0417735365056705
GSE65682,GSM1602816,Intermediate mixed,-0.8428857073799048,0.2642542271210618,-1.0221783071926696
GSE65682,GSM1602818,Intermediate mixed,1.282407009360497,-2.2002303116067425,0.4437165247448869
GSE65682,GSM1602824,Intermediate mixed,-1.281712604703208,-1.268932027070598,-0.1016035282728119
GSE65682,GSM1602827,Intermediate mixed,-1.6163259679402788,-0.423485538347909,-0.1798420827408847
GSE65682,GSM1602833,Intermediate mixed,0.5689184599715641,-3.730736104208346,-0.0584614534996166
GSE65682,GSM1602841,Intermediate mixed,-0.1371517197476088,0.0086421948840951,-1.0535647528688616
GSE65682,GSM1602843,Intermediate mixed,-2.446471701781189,-1.1806803065356233,1.238068342174913
GSE65682,GSM1602848,Intermediate mixed,-0.3067697041856617,-2.2035543456090187,0.1546831951241407
GSE65682,GSM1602851,Intermediate mixed,-0.6371545577219035,-0.7756932693702154,-0.433427599050697
GSE65682,GSM1602853,Intermediate mixed,0.0822675609726426,-0.0820630398387771,-0.2917717629381302
GSE65682,GSM1602856,Intermediate mixed,-1.698745240876994,-0.9418816558963744,0.5989223435871882
GSE65682,GSM1602857,Intermediate mixed,-1.9839258651712968,-3.668862374761916,1.3771504866347837
GSE65682,GSM1602860,Intermediate mixed,0.1157382544826645,-0.0169155170798691,-0.3795837687487994
GSE65682,GSM1602878,Intermediate mixed,-1.1171246016573173,-1.14506980415047,0.5198039550049337
GSE65682,GSM1602880,Intermediate mixed,-0.2868606500706447,-0.7526364449351227,-1.4837477562580232
GSE65682,GSM1602881,Intermediate mixed,-1.0785272198832752,-0.2274691669535514,0.1910102278382109
GSE65682,GSM1602882,Intermediate mixed,0.226531485437797,-0.4961553755754069,-0.7897430710899892
GSE65682,GSM1602903,Intermediate mixed,-0.6072724583095123,-0.5886548237990505,1.5828464996475635
GSE65682,GSM1602906,Intermediate mixed,-0.6376268141257054,-1.1536733521166878,0.1394476039497869
GSE65682,GSM1602912,Intermediate mixed,-0.5364667834952281,-0.7401897807375895,0.1463136812146254
GSE65682,GSM1602935,Intermediate mixed,-0.8489402092544881,-2.251342507606659,1.5666529622461172
GSE65682,GSM1602937,Intermediate mixed,-1.5327729522759068,-1.067843766256611,0.9948973670400412
GSE65682,GSM1602944,Intermediate mixed,-1.9270034671020275,-0.8409894677716296,0.1424605931484747
GSE65682,GSM1602953,Intermediate mixed,-1.3285013425886534,-2.705273032216909,-1.3268580890239283
GSE65682,GSM1602973,Intermediate mixed,-3.5793045691896586,-4.061937824286944,-0.997840191595438
GSE65682,GSM1602974,Intermediate mixed,0.680043290971615,-2.6285468702843877,-0.1034533109838635
GSE65682,GSM1691864,Intermediate mixed,-0.5852782644247405,-0.2740708981840596,0.3632302395482699
GSE65682,GSM1691866,Intermediate mixed,-0.4203370511560274,0.4882112667889324,-0.6206647894308918
GSE65682,GSM1691867,Intermediate mixed,-1.0634211066987442,-1.768013816263845,-0.0542238001996798
GSE65682,GSM1691868,Intermediate mixed,-2.423628231578737,-1.8357886763812032,-0.34037823692729
GSE65682,GSM1691893,Intermediate mixed,-2.122835152307985,-3.3758349033917052,-0.4181793308452604
GSE65682,GSM1691896,Intermediate mixed,0.2878977535587044,-0.412828766873805,-0.0085494009035659
GSE65682,GSM1691900,Intermediate mixed,-1.1281816012579176,-0.3697200675062509,0.6945612313036127
GSE65682,GSM1691922,Intermediate mixed,-0.170239790310538,0.0746025519729113,-0.202874677961743
GSE65682,GSM1691928,Intermediate mixed,-0.6842057205718383,-0.0094051490131918,-0.6875477837164862
GSE65682,GSM1691977,Intermediate mixed,-0.4017085591929898,-0.1156323382378796,2.015189643760459
GSE65682,GSM1691984,Intermediate mixed,-2.1899213100858432,-2.828966277635604,-0.103008650459378
GSE65682,GSM1692005,Intermediate mixed,-2.666746203666153,-1.4564527465372905,-0.4933667705784395
GSE65682,GSM1692096,Intermediate mixed,-0.5985241334587298,-1.356652561233369,-0.0483470050568514
GSE65682,GSM1692136,Intermediate mixed,-0.2108188743028875,-3.192777387409558,0.3856781528401584
GSE65682,GSM1692142,Intermediate mixed,-0.7452505994564967,-1.3333720180417454,-0.2966419452713854
GSE65682,GSM1692165,Intermediate mixed,-0.9889753406086672,-0.6924080236523413,0.203297290193991
GSE65682,GSM1692169,Intermediate mixed,0.2063302414024635,-0.9101788977582388,-0.8019283947451222
GSE65682,GSM1692172,Intermediate mixed,-2.610698496075539,-1.6010353437430234,0.941410987373724
GSE65682,GSM1692251,Intermediate mixed,-0.0261786360585619,-1.0074466759567238,-0.6519155541872873
GSE65682,GSM1692311,Intermediate mixed,-0.8728285097115723,-0.5165762038134443,0.5924466265871501
GSE65682,GSM1692335,Intermediate mixed,0.3798085990562521,-1.1215208529954557,0.4031978991266638
GSE65682,GSM1692392,Intermediate mixed,0.2892979300180621,-0.6173121966995001,-1.4220360004006063
GSE65682,GSM1692399,Intermediate mixed,-0.6245358364960449,-1.1221277505614635,-0.5942991910145672
GSE65682,GSM1692410,Intermediate mixed,-1.432380307582766,-1.783376140152204,-0.0982341482212994
GSE65682,GSM1692420,Intermediate mixed,-1.1934173753150767,-1.4513506859501653,-0.0545731438859089
GSE65682,GSM1692427,Intermediate mixed,-1.791409662035765,-0.6665108841959532,-0.015392701829777
GSE65682,GSM1692429,Intermediate mixed,-0.5573753753763921,-0.7069774420817745,-0.4751430479093677
GSE65682,GSM1692452,Intermediate mixed,0.1144957630251038,0.0715437340081043,-0.4145979911916508
GSE32707,GSM812633,Intermediate mixed,-0.2160656543529125,-0.5685262335717276,-0.4107582670296033
GSE32707,GSM812642,Intermediate mixed,0.2322690452997537,-0.7417445632912667,0.3742868951408689
GSE32707,GSM812645,Intermediate mixed,-1.9211787986254707,-0.8814885608848798,-0.4545403021268383
GSE32707,GSM812677,Intermediate mixed,-0.9717966801938318,-0.7925872050731163,0.0913392544056776
GSE32707,GSM812683,Intermediate mixed,-0.0859642633026073,0.3161284647375787,-0.1077997580071666
GSE32707,GSM812686,Intermediate mixed,0.238337996241644,-0.5390030101717351,2.079618086961588
GSE32707,GSM812691,Intermediate mixed,-0.0839275544988485,0.4785826477895205,-0.3752505156507477
GSE32707,GSM812695,Intermediate mixed,-0.79314373448508,-1.5731635476687948,0.2864794001153461
GSE32707,GSM812696,Intermediate mixed,-0.5558415585314712,-3.529251977437457,0.5542807660095581
GSE32707,GSM812705,Intermediate mixed,-1.672209760679079,-3.680950951652608,0.3573024550835135
GSE32707,GSM812707,Intermediate mixed,-0.9084866834559256,-0.078856601184846,-0.0436749321211379
GSE32707,GSM812714,Intermediate mixed,-0.4726835587192537,-0.1992824417986666,0.0935474001716215
GSE32707,GSM812716,Intermediate mixed,-1.3356129428049606,-0.786419474735514,-0.3007437698029808
GSE32707,GSM812718,Intermediate mixed,-2.631269426150043,-1.7112971229514664,-2.051924265446889
GSE32707,GSM812721,Intermediate mixed,-0.4418602144460737,-3.254489470385515,0.5486417073954964
GSE32707,GSM812724,Intermediate mixed,-0.2948992565657516,-0.1689952763465147,-0.2712128327572597
GSE32707,GSM812733,Intermediate mixed,0.0357438343564649,-1.3279001201472802,-0.0937194126142465
GSE32707,GSM812737,Intermediate mixed,-0.6524972089834122,-2.4570151789807166,0.4582420345963461
GSE69063,GSM1691750,Intermediate mixed,-0.4437829689460392,-1.490377454312943,-0.7428544513308537
GSE69063,GSM1691775,Intermediate mixed,-1.1611062610276188,-0.9478773504600896,-0.8776368247512577
GSE28750,GSM712487,Intermediate mixed,-0.4730290598175038,-0.6458103134759616,-0.7198458530573828
GSE54514,GSM1317914,Intermediate mixed,-1.4758460142768874,-0.7216692045361748,-0.4897131933959435
GSE54514,GSM1317918,Intermediate mixed,-0.002978412695694,-1.2835964567719516,1.0335817672056624
GSE54514,GSM1317920,Intermediate mixed,-1.216042532696252,-1.1157807284526642,-0.4470479510004181
GSE54514,GSM1317945,Intermediate mixed,-1.1913873442411833,-1.1455563536176707,-0.0713221076554111
GSE54514,GSM1317946,Intermediate mixed,-0.6442458384228913,-0.1925909536391186,-0.386545797181049
GSE54514,GSM1317948,Intermediate mixed,0.5600902702017451,-0.7335838674176598,-0.0639053835100579
GSE54514,GSM1317953,Intermediate mixed,0.0134981806121599,-0.2239500958654341,-0.2056930286978079
GSE54514,GSM1317960,Intermediate mixed,0.1432186430727254,-0.6828986773006949,0.4704883150450251
GSE54514,GSM1317963,Intermediate mixed,-0.6916684468737833,-1.2725297915106724,0.9429077395363452
GSE54514,GSM1317966,Intermediate mixed,-0.7070868073947402,-0.5489061307916377,0.2875310622767758
